id;sequence;latin;stewart;paris;verona;al;variants;modern_19c;distance;unit;notes;uri;names_pl
1;1;burdigala;Bordigala;;;;;Bordeaux;;;;;
325;325;caesarea;Cæsarea;;;;;Kaisarîeh;16;mile;;;
11;11;ad sextum;6th league;;;;;;6;league;;;
16;16;ad nonum;9th milestone;;;;;;9;league;;;
22;22;castellum carcassone;Carcasso;;;;;Carcassonne;8;mile;;;
28;28;foro domiti;Forum Domiti;;;;;;18;mile;;;
40;40;nouem craris;Novem Craris;;Novencrares;;;;15;mile;;;
44;44;valentia;Valentia;;;;;Valence;9;mile;;;
54;54;ad finem;frontier;;;;;;12;mile;;;
63;63;ad duodecimum;12th milestone;;;;;;12;mile;;;
65;65;ad octauum;8th milestone;;;;;;8;mile;;;
67;67;ad decimum;10th milestone;;;;;;10;mile;;;
71;71;ad medias;Mediæ;;;;;;10;mile;;;
76;76;ad decimum;10th milestone;;;;;;10;mile;;;
77;77;mediolanum;Mediolanum;;;;;Milan;10;mile;;;
90;90;ad finem;frontier;;;;;;11;mile;;;
92;92;ad duodecimum;12th milestone;;;;;;12;mile;;;
93;93;ad nonum;9th milestone;;;;;;11;mile;;;
98;98;ad vndecimum;11th milestone;;;;;;10;mile;;;
100;100;ad vndecimum;11th milestone;;;;;;11;mile;;;
102;102;;the Camp;;;;;;12;mile;Cold River?;;
103;103;;Pirus;;;;;;9;mile;;;
105;105;ad nonum;9th milestone;;;;;;9;mile;;;
109;109;ad medias;Mediæ;;;;;;13;mile;;;
116;116;aqua viua;Aqua viva;;;;;;9;mile;;;
135;135;vlmo;Ulmus;;;;;;11;mile;;;
144;144;ad sextum;6th milestone;;;;;;6;mile;;;
145;145;tricornia castra;Tricornia Castra;;;;;Ritopek;6;mile;;;
146;146;ad sextum;6th milestone;;;;;;7;mile;;;
151;151;ad nonum;9th milestone;;;;;;9;mile;;;
156;156;ad octauum;8th milestone;;;;;;9;mile;;;
164;164;vlmo;Ulmus;;;;;;7;mile;;;
172;172;serdica;Serdica;;;;;Sophia;11;mile;;;
179;179;bona mansio;Bona Mansio;;;;;;6;mile;;;
180;180;alusore;Alusor;;;;;;9;mile;;;
182;182;tugugero;Tugugerum;;;;;;9;mile;;;
203;203;heraclea;Heraclea;;;;;Eregli;9;mile;;;
208;208;regio;Regio;;;;Regium;Kutchúk Chekmejek;12;mile;;;
209;209;constantinopoli;Constantinople;;;;;Istanbul;12;mile;;;
224;224;tutaio;Tutadus;Tutaio;;;Tottaion;near Geivek;9;mile;;;
226;226;artemis;Artemis;;;;;;12;mile;;;
229;229;fines;frontier;;;;;;10;mile;;;
232;232;milia;Milia;;Melia;;;;11;mile;;;
241;241;anchira galatia;Anchira;;;;Ancyra;Angora;13;mile;;;
248;248;andrapa;Andrapa;;;;;;9;mile;;;
278;278;platanus;Platanus;;;;;;8;mile;;;
279;279;baccaias;Bacchaiæ;;Baccaias;;;;8;mile;;;
280;280;catelas;Catelæ;;;;;;16;mile;;;
286;286;spiclin;Spicilis;;;;;;12;mile;;;
287;287;basiliscum;Basiliscum;;Baselisco;;;;12;mile;;;
290;290;tripoli;Tripolis;;;;;Tarabulus;12;mile;;;
292;292;bruttos alia;Bruttus alius;;;;;;12;mile;;;
299;299;ad nonum;9th milestone;;;;;;4;mile;;;
304;304;calamon;Calamon;;Calomon;;;Tell es Semak;12;mile;;;
306;306;certha;Certa;;;;;;8;mile;;;
308;308;maximianopoli;Maximianopolis;;;;;;18;mile;;;
312;312;Neapoli;Neapolis;;;;;Nâblus;15;mile;;;
314;314;;Jericho;;;;;Jericho;18;mile;;;
315;315;;Dead Sea;;;;;;9;mile;;;
316;316;;Jordan;;;;;;5;mile;;;
317;317;;Bethlehem;;;;;;6;mile;;;
318;318;;Bethasora;;Bettasora;;;;14;mile;;;
319;319;;Terebinthus;Therebintus;Therebintus;;;;8;mile;;;
320;320;;Hebron;;;;;;2;mile;;;
321;321;nicopoli;Nicopolis;;;;;'Amwâs;22;mile;;;
322;322;lidda;Lydda;;;;;Lidd;10;mile;;;
323;323;antipatrida;Antipatris;;;;;Râs el 'Ain;10;mile;;;
324;324;betthar;Betthar;;Bettarum;;;Thîreh;10;mile;;;
326;326;aerea;Erea;;;;Heræum;;16;mile;;;
327;327;registo;Registus;;;;Resistus, Bisanthe;Rodosto;12;mile;;;
328;328;bedizo;Bedizum;;;;Beodizum;;12;mile;;;
329;329;apris;Apri;;;;;Ainajik;12;mile;;;
330;330;zesutera;Zesutera;;;;;;12;mile;;;
331;331;sirogellis;SiroGelli;;;;Syracellae;Malgara;10;mile;;;
332;332;drippa;Drippa;;;;;;14;mile;;;
333;333;gipsila;Gypsela;;;;Cypsela;Ipsala;12;mile;;;
334;334;demas;Demas;;;;Dymæ;Kaladerkos;12;mile;;;
335;335;traianopoli;Trajanopolis;;;;;;13;mile;;;
336;336;ad vnimpara;Unimpara;;;;Tempyra;;8;mile;;;
337;337;salei;Salei;;;;;;7;mile;;;
338;338;melalico;Melalicum;;;;Milolitum;;8;mile;;;
339;339;berozicha;Berozicha;;;;Brendice, Brizice;;15;mile;;;
340;340;breierophara;Breierophara;;;;;;10;mile;;;
341;341;maximianopoli;Maximianopolis;;;;Porsulæ, Pyrosoalis, Impara;near Gumuljina;10;mile;;;
342;342;ad stabulodio;Diomedes stables;;;;;Buru Kaleh;12;mile;;;
343;343;rumbodona;Rumbodona;;;;;Kurusu Yenijeh;10;mile;;;
344;344;epyrum;Epirus;;;;Topiris;Karaguz;10;mile;;;
345;345;purdis;Purdi;;;;;Sarichoban;8;mile;;;
346;346;hercontroma;Hercontroma;;;;Acontisma;;9;mile;;;
347;347;neapolim;Neapolis;;;;Kavala;;9;mile;;;
348;348;philippis;Philippi;;;;Crenides;Filibeh;10;mile;;;
349;349;ad duodecimum;12th milestone;;;;;;12;mile;;;
350;350;domeros;Domeros;;;;;Pervista;7;mile;;;
351;351;amphipholim;Amphipolis;;;;;Yeni Keui;13;mile;;;
352;352;pennana;Pennana;;;;;;10;mile;;;
353;353;peripidis;Euripides;;;;Aresthusa;Vrasta;10;mile;;;
354;354;appollonia;Appollonia;;;;;Polina;11;mile;;;
355;355;heracleustibus;Heracleustibus;;;;Heracleus, Stibos;;11;mile;;;
356;356;duo dea;Duodea;;;;;;14;mile;;;
357;357;thessalonica;Thessalonica;;;;;Saloniki;13;mile;;;
358;358;ad decimum;10th milestone;;;;;;10;mile;;;
359;359;gephira;Axius;;;;;Vardar, Wardar Su;10;mile;river;;
360;360;polli;Pella;;;;;Ala Kilisseh, Yenikeui;10;mile;;;
361;361;scurio;Scurio;;;;Cyrius, Cyrrhus;Palæo Kastro?;15;mile;;;
362;362;edissa;Edessa;;;Edissa;;Vodena;15;mile;;;
363;363;ad duodecimum;12th milestone;;;;;Ostrovo;12;mile;;;
364;364;cellis;Cellis;;;;;;16;mile;;;
365;365;grande;Grande;;;;;Florina;14;mile;;;
366;366;melitonus;Melitonus;;;;;Dragosch;14;mile;;;
367;367;heraclea;Heraclea;;;;Heraclea Lyncestis;Toli Monastir;13;mile;;;
368;368;parambole;Parambole;;;;Castra, Nicia;;12;mile;;;
369;369;brucida;Brucida;;;;Brucias, Brygias;;19;mile;;;
370;370;cledo;Cledo;;;;Lychnidus;Ochrida;13;mile;;;
371;371;patras;Patræ;;;;;;12;mile;;;
372;372;claudanon;Claudanon;;;;Claudanum;Kükëseh;4;mile;;;
373;373;tabernas;Tabernæ;;;;Tres Tabernæ;Juru;9;mile;;;
374;374;grandauia;Grandavia;;;;Diana Candavia;;9;mile;;;
375;375;treiecto;Genusus;;;;;Sakumbi Su;9;mile;river?;;
376;376;hiscampis;Hiscampis;;;;Scampæ;El Bassan;9;mile;;;
377;377;ad quintum;5th milestone;;;;;;6;mile;;;
378;378;coladiana;Coladiana;;;;Clodiana;;15;mile;;;
379;379;marusio;Marusium;;;;;;13;mile;;;
380;380;absos;Absos;;;;on the Apous;;14;mile;;;
381;381;stefanaphana;Stephanaphana;;;;;Dukanasi;12;mile;;;
382;382;appollonia;Apollonia;;;;;Polina;18;mile;;;
383;383;stefana;Stephanaphana;;;;;Goritza;12;mile;;;
384;384;aulona treiectum;Aulon;;;;;Avlona;12;mile;;;
385;385;ad duodecimum;12th milestone;;;;;;13;mile;;;
386;386;clipeas;Clipæ;;;;Lupiæ;Lecce;12;mile;;;
387;387;valentia;Valentia;;;;Baletium;Baleso;13;mile;;;
388;388;brindisi;Brindisium;;;;Brundisium;Brindisi;11;mile;;;
389;389;spilenaees;Spilenees;;;;Speluncæ;;14;mile;;;
390;390;ad decimum;10th milestone;;;;;Pto. Villa Nova;11;mile;;;
391;391;leonatiae;Leonatia;;;;Gnatia, Egnatia;Agnazzo;10;mile;;;
392;392;turres aurilianas;Turres Aurilianæ;;;;;San Vito;15;mile;;;
393;393;turres iuliana;Turres Julianæ;;;;;;9;mile;;;
394;394;beroes;Beroes;;;;Barium;Bari;11;mile;;;
395;395;butontones;Butontones;;;;Butuntum;Bitonto;11;mile;;;
396;396;rubos;Rubi;;;;;Ruvo;11;mile;;;
397;397;ad quintumdecimum;15th milestone;;;;;;15;mile;;;
398;398;canusio;Canusium;;;;Canosa;;15;mile;;;
399;399;vndecimum;11th milestone;;;;;;11;mile;;;
400;400;serdonis;Serdonis;;;;Herdonea;Ordona;15;mile;;;
401;401;aecas;Æcæ;;;;;Troja;18;mile;;;
402;402;aquilonis;Aquilo;;;;;;10;mile;;;
403;403;equum magnum;Equus Magnus;;;;Equus Tuticus;S. Eleuterio;8;mile;;;
404;404;forno nouo;Fornum Novum;;;;Forum Novum;Buonalbergo;12;mile;;;
405;405;beneuento;Beneventum;;;;;Benevento;10;mile;;;
406;406;claudiis;Claudii;;;;Caudium;Casta Cauda;12;mile;;;
407;407;nouas;Novæ;;;;;;9;mile;;;
408;408;capua;Capua;;;;;Capua;12;mile;;;
409;409;ad octauum;8th milestone;;;;;;8;mile;;;
410;410;ponte campano;Pons Campanus;;;;;over Savone River;9;mile;;;
411;411;sonuessa;Sonuessa;;;;Sinuessa;Mondragone;9;mile;;;
412;412;menturnas;Menturnæ;;;;Mintunæ;on Liris;9;mile;;;
413;413;formis;Formi;;;;;Mola di Gæta;9;mile;;;
414;414;fundis;Fundi;;;;;Fondi;12;mile;;;
415;415;tarracina;Tarracina;;;;;Terracina;13;mile;;;
416;416;ad medias;Mediæ;;;;;Posta di Mesa;10;mile;;;
417;417;appi foro;Forum Appio;;;;;Foro Appio;9;mile;;;
418;418;sponsas;Sponsæ;;;;;;7;mile;;;
419;419;aricia et albona;Aricia and Albona;;;;;La Riccia, Albano;14;mile;;;
420;420;ad nono;9th milestone;;Ionum;;;;7;mile;;;
421;421;roma;Rome;;;;;;9;mile;;;
422;422;rubras;Rubræ;;;;Saxa Rubra;Prima Porta;9;mile;;;
423;423;ad vicensimum;20th milestone;;;;;;11;mile;;;
424;424;aqua viua;Aqua Viva;;;;;;12;mile;;;
425;425;vcriculo;Utriculo;;;Ucriculo;Oriculum;Otricoli;12;mile;;;
426;426;narniae;Narnia;;;;;Narni;12;mile;;;
427;427;interamna;Interamna;;;;;Terni;8;mile;;;
428;428;tribus tabernis;Tres Tabernæ;;;;;;3;mile;;;
429;429;fani fugitiui;Fanum Fugitivi;;Fugenui;;;La Somma;10;mile;;;
430;430;spolitio;Spolitio;;;;Spoletium;Spoleto;7;mile;;;
431;431;sacraria;Sacraria;;;;Clitumnus;La Vene;8;mile;;;
432;432;treuis;Trevi;;Tranes;;Trebia;Trevi;9;mile;;;
433;433;fulginis;Fulgini;;;;Fulginium;Foligno;5;mile;;;
434;434;foro flamini;Forum Flamini;;;;Forum Flaminii;S. Giovani pro Fiamma;3;mile;;;
435;435;noceria;Noceria;;;;Nuceria;Nocera;12;mile;;;
436;436;ptanias;Ptanias;;;;Tanadium;Gualdo Tadino;13;mile;;;
437;437;herbelloni;Herbellum;;;Herbelloni;Helvillum;Sigillo;7;mile;;;
438;438;ad hesis;Hesis;;Adesse;;Æsis;Scheggia;10;mile;;;
439;439;ad cale;Cale;Cale;Caloe;;Cales;Cagli;14;mile;;;
440;440;intercisa;Intercisa;;;;Petra Pertusa;Passo del Furlo;9;mile;;;
441;441;foro semproni;Forum Semproni;;;;Forum Sempronii;Fossombrone;9;mile;;;
442;442;ad octauo;8th milestone;;;;;;9;mile;;;
443;443;fano furtunae;Fanum Fortunæ;;;;;Fano;8;mile;;;
444;444;pisauro;Pisaurum;;;;;Pesaro;24;mile;;;
445;445;ariminum;Riminium;Ariminium;;;;Rimini;;mile;;;
446;446;conpetu;Conpetus;;;;Ad Confluentes;Savignano;12;mile;;;
447;447;cesena;Cesena;;;;Cæsena;Cesena;6;mile;;;
448;448;foro populi;Forum Populi;;Foropuli;;Forum Popilii;Forlimpopoli;6;mile;;;
449;449;foro liui;Forum Livi;;;;F. Livii;Forli;6;mile;;;
450;450;fauentia;Faventia;;;;;Faenza;5;mile;;;
451;451;foro corneli;Forum Corneli;;;;F. Cornelii;Imola;10;mile;;;
452;452;claterno;Claternum;;;;Claterna;S. Nicolo;13;mile;;;
453;453;bononia;Bononia;;;;;Bologna;10;mile;;;
454;454;ad medias;Mediæ;;;;;;15;mile;;;
455;455;victoriolas;Victoriolæ;;;;;;10;mile;;;
456;456;mutena;Mutena;;;;Mutina;Modena;3;mile;;;
457;457;ponte secies;River Secia;;;;;Tresinaro;5;mile;;;
458;458;regio;Regio;;;;Regium Lepidum;Reggio;8;mile;;;
459;459;canneto;Canneto;;;;Tannetum;Tanetto;10;mile;;;
460;460;parme;Parma;;;;;Parma;8;mile;;;
461;461;ad tarum;River Tarus;;;;;Taro;7;mile;;;
462;462;fidentiae;Fidentia;;Sidencie;;;Borgo San Donnino;8;mile;;;
463;463;ad fonteclos;Fonticuli;;;;;Alla Fontana;8;mile;;;
464;464;placentia;Placentia;;;;;Piacenza;13;mile;;;
465;465;ad rota;Rota;;;;;Quodrata;11;mile;;;
466;466;tribus tabernis;Tres Tabernæ;;;;;;5;mile;;;
467;467;laude;Laude;;;;Laus Pompeia;Lodi Vecchio;9;mile;;;
468;468;ad nonum;9th milestone;;;;;;7;mile;;;
469;469;mediolanum;Mediolanum;;;;;Milan;7;mile;;;
313;313;hierusalem;Jerusalem;;;;;Jerusalem;12;mile;;http://pleiades.stoa.org/places/687928;Ierusalem/Hierosolyma/Col. Aelia Capitolina|Ierusalem/Hierosolyma/Col. Aelia Capitolina, Jerusalem
307;307;caesarea palestina;Cæsarea Palæstina;Cesarea Palestina;;;;;8;mile;;http://pleiades.stoa.org/places/678401;Stratonos Pyrgos/Caesarea|Caesarea/Stratonos Pyrgos, Caesarea
138;138;sirmium;Sirmium;;;;;Mitrowitza;8;mile;;http://pleiades.stoa.org/places/207447;Sirmium|Sirmium, Sremska Mitrovica|Sremska Mitrovica
99;99;aquileia;Aquileia;;;;;Aquileia;11;mile;;http://pleiades.stoa.org/places/187290;Aquileia|Aquileia, Aquileia|Aquileia
202;202;beodizo;Beodizum;;;;;;8;mile;;http://pleiades.stoa.org/places/511357;Perinthus/Heraclea|Perinthus/Heraclea, Marmara Ereğlisi Adliyesi
242;242;delemna;Delemna;;;;Delemnia;;10;mile;;http://pleiades.stoa.org/places/619161;Galatia
139;139;fossis;Fossi;;;;;;9;mile;;http://pleiades.stoa.org/places/207120;Fossae|Fossae, Sasinci
140;140;bassianis;Bassiani;;;;;;10;mile;;http://pleiades.stoa.org/places/206960;Bassiana|Bassiana, Donji Petrovci
266;266;pargais;Pargais;;Pargas;;;;13;mile;;http://pleiades.stoa.org/places/648733;Pargais|Pargais, near Gökçeler
78;78;argentea;Argentia;;;;;Gorgonzola;10;mile;;http://pleiades.stoa.org/places/383575;Argentea|Argentea, Gorgonzola
141;141;nouiciani;Noviciani;;;;;;12;mile;;http://pleiades.stoa.org/places/207313;‘Noviciani’
267;267;adana;Adana;;;;;Adana;14;mile;;http://pleiades.stoa.org/places/648548;Adana/Antiochia ad Sarum|Adana/Antiochia ad Sarum, Adana
79;79;ponte aureoli;Pons Aureolus;;;;;Pontirilo;10;mile;;http://pleiades.stoa.org/places/383747;Pons Aureoli|Pons Aureoli, Canonica d'Adda
142;142;altina;Altima;;;;;;11;mile;;http://pleiades.stoa.org/places/206913;Altina|Altina, Surčin
268;268;mansista;Mansista;;;;Mopsuestia;Missis;18;mile;;http://pleiades.stoa.org/places/658538;Mopsou(h)estia/Seleukeia pros to Pyramo|Mopsouhestia/Mopsouestia/Seleukeia pros to Pyramo, Yakapınar
80;80;bergamo;Bergamum;Vergamo;;;Bergomum;Bergamo;13;mile;;http://pleiades.stoa.org/places/383589;Bergomum|Bergomum, Bergamo|Bergamo
143;143;singiduno;Singidunum;;;;;Belgrad;8;mile;;http://pleiades.stoa.org/places/207443;Singidunum|Singidunum, Beograd
210;210;nassete;Narses;;Narsite;;;;7;mile;;http://pleiades.stoa.org/places/521092;‘Nassete’|‘Nassete’, near Maltepe
269;269;tardequeia;Tardequeia;;;;;Kúrt Kúlak;15;mile;;http://pleiades.stoa.org/places/658610;Tardequeia|Tardequeia, Kurtkulağı?
81;81;tellegate;Tellegate;;Tallegate;;;Telgate;12;mile;;http://pleiades.stoa.org/places/383796;Tellegate|Tellegate, Telgate
2;2;stomatas;Stomatæ;;;;;Castres;7;league;;http://pleiades.stoa.org/places/138599;Stomatas|Stomatas, La Brède
270;270;catauolo;Catavolum;;;;Castabala;;16;mile;;http://pleiades.stoa.org/places/658506;Katabolos/Moutloubake|Katabolos/Moutloubake, Muttalip Höyüğü
82;82;tetellus;Tetellus;;;;;;10;mile;;http://pleiades.stoa.org/places/383797;Tetellus|Tetellus, Ospitaletto
211;211;pandicia;Pandicia;;;;;Pandik;7;mile;;http://pleiades.stoa.org/places/521106;Panteichion|Panteichion, Pendik
3;3;sirione;Senone;;;;Sirio;Pont de Ciron;9;league;;http://pleiades.stoa.org/places/138593;Sirio|Sirio, Cérons|Cérons
271;271;baiae;Baie;;;;Baiæ;Piyas;17;mile;;http://pleiades.stoa.org/places/658394;Baiae
83;83;brixa;Brixa;;;;Brixia;Brescia;10;mile;;http://pleiades.stoa.org/places/383603;Brixia|Brixia, Brescia|Brescia
212;212;pontamus;Pontamus;;;;;;13;mile;;http://pleiades.stoa.org/places/511371;Potamoi|Potamoi, E Pendik
272;272;alexandria scabiosa;Alexandria Scabiosa;;;;;Iskanderún, Alexandretta;16;mile;;http://pleiades.stoa.org/places/658371;Alexandria ad Issum|Alexandria ad Issum, İskenderun
84;84;ad flexum;Flexus;;;;;Ponte S. Marco;11;mile;;http://pleiades.stoa.org/places/383546;Ad Flexum/Sermione Mansio|Ad Flexum/Sermione Mansio, Colombare, Sirmione
5;5;tres arbores;Three Trees;;;;Tres Arbes;;5;league;;http://pleiades.stoa.org/places/138626;Tres Arbores|Tres Arbores, Les Trois Chênes
213;213;libissa;Liyssa;;Libosa;;;;9;mile;;http://pleiades.stoa.org/places/511305;Libyssa|Libyssa, Libyssa
309;309;isdradela;Stradela;;Istradela;;;;10;mile;;http://pleiades.stoa.org/places/678197;Iezreel/Isdradela|Iezreel/Isdradela, Tel Yizre'el/Zir'in
85;85;beneuentum;Beneventum;;Bene Aventum;;;;10;mile;;http://pleiades.stoa.org/places/383588;Beneventum|Beneventum, Cavalcaselle, Castelnuovo del Garda
273;273;pictanus;Pictanus;;Platanus;;;Beilan;9;mile;;http://pleiades.stoa.org/places/658573;Platanoi/‘Pictanus’|Platanoi/‘Pictanus’, Belen
6;6;oscineio;Oscineium;;;;;Houeilles?;8;league;;http://pleiades.stoa.org/places/138504;*Oscincium|*Oscincium, Houeillès
147;147;aureo monte;Aureus Mons;;;;;;6;mile;;http://pleiades.stoa.org/places/206938;*Aureus Mons|*Aureus Mons, Seone
87;87;cadiano;Cadianum;;;;;Caldiero;10;mile;;http://pleiades.stoa.org/places/393396;Cadianum|Cadianum, Caldiero
7;7;scittio;Scotium;Scitio;;;Sotium;Sos;8;league;;http://pleiades.stoa.org/places/246662;Sotium/Scittio|Sotium/Scittio, Sos
274;274;pagrios;Pagrius;Pagrios;;;Pagræ;Begras;8;mile;;http://pleiades.stoa.org/places/658564;Pagrae|Pagrae, Bağras
88;88;aureos;Aurei;Auræus;;;;;10;mile;;http://pleiades.stoa.org/places/393387;Auraei|Auraei, Montebello Vicentino
214;214;brunga;Brunga;Brunca;;;;;12;mile;;http://pleiades.stoa.org/places/511193;‘Brunca’|‘Brunca’, Hereke/Yarımca?
8;8;elusa;Elusa;;Tolosa;;;Eauze;8;league;;http://pleiades.stoa.org/places/246380;Elusa|Elusa, Eauze|Eauze
275;275;antiochia;Antiochia;;Anchiotia;;;Antioch, Antakia;16;mile;;http://pleiades.stoa.org/places/658381;Antiochia/Theoupolis|Antiochia/Theoupolis, Antakya
149;149;margo;Margus;;;;;;9;mile;;http://pleiades.stoa.org/places/207267;Margum|Margum, Orašje, Dubravica
215;215;nicomedia;Nicomedia;;;;;Ismid;8;mile;;http://pleiades.stoa.org/places/511337;Nicomedia|Nicomedia, İzmit
310;310;scithopoli;Scythopolis;;;;Bethshean;Beisân;12;mile;;http://pleiades.stoa.org/places/678378;Scythopolis/Nysa|Scythopolis/Nysa, Beit She'an
10;10;auscius;Auscius;;;;Climberrum, Augusta, Auscorum;Auch;8;league;;http://pleiades.stoa.org/places/246379;Elimberrum|Elimberrum, Auch|Auch
311;311;aser;Aser;;;;;;6;mile;;http://pleiades.stoa.org/places/678034;Aser|Aser, Tayasir (Samaria)
91;91;pataui;Patavium;;;;;Padua;10;mile;;http://pleiades.stoa.org/places/393473;Patavium|Patavium, Padova|Padova
12;12;hungunuerro;Hungunverrum;;Hungunerru;;;;7;league;;http://pleiades.stoa.org/places/246420;Hungunverro|Hungunverro, La Tonguère
276;276;palatium dafne;Palace of Daphne;;;;;Beit el Ma;5;mile;;http://pleiades.stoa.org/places/658450;Daphne|Daphne, Harbiye
13;13;bucconis;Buccones;Bucconia;;;;L'Isle en Jourdain?;7;league;;http://pleiades.stoa.org/places/246260;Bucconis|Bucconis, Forêt de Bouconne
152;152;munecipio;Municipium;;;;;;9;mile;;http://pleiades.stoa.org/places/207296;Municipium|Municipium, Kalište, Malo Crniće
216;216;hyribolum;Egribolum;;;Hiribolum;;;10;mile;;http://pleiades.stoa.org/places/511253;Eribolon|Eribolon, Yeniköy
94;94;altino;Altinum;;;;;Altino;9;mile;;http://pleiades.stoa.org/places/393374;Altinum|Altinum, Altino, Quarto d'Altino
277;277;hysdata;Hysdata;;Stadata;;;;11;mile;;http://pleiades.stoa.org/places/658483;Hydatos Potamoi/Seleukeia Pieria|Seleukeia Pieria/Hydatos Potamoi, Çevlik
217;217;libum;Libum;;;;;;11;mile;;http://pleiades.stoa.org/places/511304;Libum|Libum, near Senaiye
153;153;iouis pago;Jovis Pagus;;;;;Glagowaz?;10;mile;;http://pleiades.stoa.org/places/207189;Iovis Pagus|Iovis Pagus, Veliki Popovac
14;14;ad iouem;Temple of Jupiter;;;;;;7;league;;http://pleiades.stoa.org/places/246136;Ad Iovem|Ad Iovem, Pibrac
95;95;sanos;Sanus;Sanos;;;;;10;mile;;http://pleiades.stoa.org/places/393369;Ad Sanos|Ad Sanos, Santo Stino di Livenza
218;218;liada;Liada;;;;;;12;mile;;http://pleiades.stoa.org/places/511302;‘Liada’|‘Liada’, near Sarıağıl
154;154;bao;Bao;;;;;;7;mile;;http://pleiades.stoa.org/places/206958;‘Bao’|‘Bao’, Veliko Laole?
15;15;tholosa;Tolosa;;;;;Toulouse;7;league;;http://pleiades.stoa.org/places/246694;Purpan|Purpan-Ancely|Tolosa|Tolosa, Toulouse|Toulouse
96;96;concordia;Concordia;;;;;Concordia;9;mile;;http://pleiades.stoa.org/places/393441;Iulia Concordia|Iulia Concordia, Concordia Sagittaria|Concordia Sagittaria
219;219;nicia;Nicia;;;Nicæa;;Isnik;9;mile;;http://pleiades.stoa.org/places/511268;Helikore/Nicaea|Nicaea/Helikore, İznik
155;155;idomo;Idomum;;;;Idimus;;9;mile;;http://pleiades.stoa.org/places/207183;Idimum|Idimum, Medveđa
97;97;apicilia;Picilia;;Pacilia;;;;9;mile;;http://pleiades.stoa.org/places/187287;‘Apicilia’|‘Apicilia’, Latisanotta, Latisana
220;220;schinae;Schine;;;;;;8;mile;;http://pleiades.stoa.org/places/511412;‘Schinae’|‘Schinae’, Karadin
17;17;ad vicesimum;20th milestone;;;;;;11;mile;;http://pleiades.stoa.org/places/246143;Ad Vicesimum|Ad Vicesimum, L’Hôpital
281;281;ladica;Ladica;;Ladesca;;Laodicea;Latakieh;16;mile;;http://pleiades.stoa.org/places/668290;Laodicea|Laodicea, Latakia
221;221;mido;Midus;;;;Mœdos;;7;mile;;http://pleiades.stoa.org/places/511326;Mygdum/‘Midum’|Mygdum/‘Midum’, Taşköprü?
157;157;oromago;Oromagus;;;;Horreum Margi;Tjuprija?;8;mile;;http://pleiades.stoa.org/places/207173;Horreum Margi|Horreum Margi, Ćuprija
282;282;gabala;Gabala;;Gavala;;;Jebeleh;14;mile;;http://pleiades.stoa.org/places/668250;Gabala|Gabala, Jableh
18;18;elusione;Elusio;;Eleusione;;;;9;mile;;http://pleiades.stoa.org/places/246381;Elusio|Elusio, Saint-Pierre-d'Alzonne, Montferrand
222;222;chogeae;Chogea;;Chogia;;;;6;mile;;http://pleiades.stoa.org/places/511210;‘Chogeae’|‘Chogeae’, Medetli?
223;223;thateso;Thatesus;;;;;;10;mile;;http://pleiades.stoa.org/places/511437;‘Thateso’|‘Thateso’, Dikenli Boğaz?
283;283;balaneas;Balaneas;;;;;Banias;13;mile;;http://pleiades.stoa.org/places/668206;Balanea/Leukas|Balanea/Leukas, Baniyas
19;19;sostomago;Sostomagus;;;;;Castelnaudary?;9;mile;;http://pleiades.stoa.org/places/246660;Sostomagus|Sostomagus, Castelnaudary|Castelnaudary
158;158;sarmatorum;Sarmatæ;;;;;Paratjin;12;mile;;http://pleiades.stoa.org/places/207424;Sarmates|Sarmates, Gornje Vidovo?
20;20;hebromago;Hebromagus;;Ebromago;;;Bram;10;mile;;http://pleiades.stoa.org/places/246413;Hebromagus/Eburomagus|Hebromagus/Eburomagus, Bram|Bram
159;159;caminitas;Cametæ;;;;;;11;mile;;http://pleiades.stoa.org/places/207006;‘Cametas’|‘Cametas’, Ražanj?
225;225;protunica;Protoniaca;Protunica;;;;;11;mile;;http://pleiades.stoa.org/places/511431;Tattaios|Tattaios, Arıcaklar
21;21;cedros;Cædri;;;;;;6;mile;;http://pleiades.stoa.org/places/246320;Cedros|Cedros, Caux-et-Sauzens
284;284;maraccas;Maraccæ;;;;;;10;mile;;http://pleiades.stoa.org/places/668305;Maraccas|Maraccas, Khrab Maraqiye
160;160;ipompeis;Ipompei;;;;Pompeii;;9;mile;;http://pleiades.stoa.org/places/207363;Praesidium Pompei|Praesidium Pompei, Rutevac, Aleksinac
285;285;antaradus;Antaradus;;;;;Tartús;16;mile;;http://pleiades.stoa.org/places/668190;Antarados/Constantia|Antarados/Constantia, Tartous
161;161;rampiana;Rappiana;;Rampiana;;;Alexinatz;12;mile;;http://pleiades.stoa.org/places/207156;Gramrianae|Gramrianae, Draževac, Aleksinac
227;227;dablae;Dable;;Doble;;Dablis;near Tereklu;6;mile;;http://pleiades.stoa.org/places/844900;Dableis|Dableis, Çayköy
23;23;tricensimum;30th milestone*;Tricencimum;;;;;8;mile;;http://pleiades.stoa.org/places/246706;Tricensimum|Tricensimum, Crémadeills
101;101;ad fornolus;Fornolus;;;;;;12;mile;;http://pleiades.stoa.org/places/197063;*Ad Fornulos|*Ad Fornulos, Prvačina
228;228;ceratae;Cerate;;;;;;6;mile;;http://pleiades.stoa.org/places/844892;Ceratae|Ceratae, mansio at Beydili
162;162;naisso;Naissus;;;;;Nisch;12;mile;;http://pleiades.stoa.org/places/207303;Naissus|Naissus, Niš
24;24;hosuerbas;Hosuerbas;;Husuerbas;;;;15;mile;;http://pleiades.stoa.org/places/246720;Usuerva|Usuerva, Lézignan-Corbières|Lézignan-Corbières
163;163;redicibus;Redices;;;;;Banja;12;mile;;http://pleiades.stoa.org/places/207373;*Radices|*Radices, Jelašnica?
25;25;narbone;Narbo;;;;;Narbonne;15;mile;;http://pleiades.stoa.org/places/246347;Col. Narbo Martius|Col. Narbo Martius, Narbonne|Narbonne
26;26;beterris;Beterræ;Biterris;;;Bæterræ;Béziers;16;mile;;http://pleiades.stoa.org/places/148056;Col. Baeterrae|Col. Baeterrae, Béziers|Béziers
165;165;romansiana;Romansiana;;;;Remesiana;Ak Palanka;9;mile;;http://pleiades.stoa.org/places/207382;Remesiana|Remesiana, Bela Palanka
230;230;dadastano;Dadartanum;;;;Dadastunum;;6;mile;;http://pleiades.stoa.org/places/844901;Dadastana|Dadastana, Karahisar
288;288;arcas;Arcæ;;;;Arca, Cæsarea;'Arka;8;mile;;http://pleiades.stoa.org/places/668198;Arca/Herakleia en Phoinike/Caesarea ad Libanum|Arca/Herakleia en Phoinike/Caesarea ad Libanum, Tell 'Arqa
27;27;cessarone;Cessaro;;;;Cessero, Araura;St. Thibéry;12;mile;;http://pleiades.stoa.org/places/147997;Araura/Cessero|Cessero/Araura, Saint-Thibéry|Pont romain, Saint-Thibéry|Saint-Thibéry
231;231;trans monte;Trans Montem;;;;;;6;mile;;http://pleiades.stoa.org/places/845086;‘Transmonte’|‘Transmonte’, near Baglıca
166;166;latina;Latina;;;;;;9;mile;;http://pleiades.stoa.org/places/207235;Latina|Latina, Telovac, Crnoklište
289;289;bruttus;Bruttus;;;;;;9;mile;;http://pleiades.stoa.org/places/668215;Bruttus|Bruttus, al-Abde?
104;104;longatico;Longaticum;;;;;Logatez;10;mile;;http://pleiades.stoa.org/places/197357;Longaticum|Longaticum, Logatec
233;233;iuliopolis;Juliopolis;;;;;near Nalli Khan;8;mile;;http://pleiades.stoa.org/places/844935;Gordioukome/Iuliopolis|Gordioukome/Iuliopolis, Sarılar
29;29;sostantione;Sustantio;Sostancione;;;Sextantio;Soustantion;15;mile;;http://pleiades.stoa.org/places/148202;Sextantio|Sextantio/Substantion, Substantion|Castelnau-le-Lez
291;291;triclis;Triclis;;Trecles;;;;12;mile;;http://pleiades.stoa.org/places/668392;Trieres|Trieres, el Heri
168;168;translitis;Translites;;;;;;12;mile;;http://pleiades.stoa.org/places/207509;‘Translitis’|‘Translitis’, Dimitrovgrad
106;106;emona;Emona;;Semona;;Æmona;Laybach;14;mile;;http://pleiades.stoa.org/places/197258;Emona|Emona, Ljubljana
234;234;hicronpotamum;River Hycron;;;;River Siberis;Ala Dagh Su;13;mile;;http://pleiades.stoa.org/places/844946;*Hieronpotamon|*Hieronpotamon, below Tahir
30;30;ambrosi;Ambrosius;;Ambrosi;;Ambrussum;;15;mile;;http://pleiades.stoa.org/places/147990;Ambrussum|Ambrussum, Pont-Ambroix (Ambrussum)
107;107;ad quartodecimo;14th milestone;;;;;;10;mile;;http://pleiades.stoa.org/places/197082;Ad Quartodecimum|Ad Quartodecimum, Groblje pri Mengšu
169;169;ballanstra;Ballanstra;;;;;;10;mile;;http://pleiades.stoa.org/places/206955;Ballanstra|Ballanstra, Kalotina
31;31;nemauso;Nemauses;;;;;Nimes;15;mile;;http://pleiades.stoa.org/places/148142;Barutel|Carrières de Barutel|Nemausus|Nemausus, Nîmes|Nîmes
170;170;meldia;Meldia;;;;;;9;mile;;http://pleiades.stoa.org/places/207275;Meldia|Meldia, Dragoman
235;235;agannia;Agannia;;;;Lagania;;11;mile;;http://pleiades.stoa.org/places/609447;Lagania/Anastasioupolis|Lagania/Anastasioupolis, Dikmen Hüyük
293;293;alcobile;Alcobilis;;Alcovile;;;;12;mile;;http://pleiades.stoa.org/places/668216;Byblos|Byblos, Byblos/Jbeil
108;108;hadrante;Hadrante;;;;Adrans;St. Oswald;13;mile;;http://pleiades.stoa.org/places/197147;Atrans|Atrans, Trojane
32;32;ponte aerarium;Pons Herarus;Porte ærarium;;;Ærarius;Bellegarde;16;mile;;http://pleiades.stoa.org/places/148160;Pons Aerarius|Pons Aerarius, Bellegarde|Bellegarde
236;236;petrobrogen;Petrobroge;;;Ipetobrogen, Petrobogen;Petroboge;Bei Bazar;6;mile;;http://pleiades.stoa.org/places/845038;‘Petobrogen’|‘Petobrogen’, near Perli Çiftlik
171;171;scretisca;Scretesca;;;;;;12;mile;;http://pleiades.stoa.org/places/207435;Scretisca|Scretisca, Kostinbrod
294;294;heldua;Berytus;;;;;Beirút;12;mile;;http://pleiades.stoa.org/places/678177;Heldua|Heldua, Khan el-Khulde
33;33;arelate;Arelate;;;;;Arles;8;mile;;http://pleiades.stoa.org/places/148217;Theline/Col. Arelate/Constantina|Col. Arelate/Theline/Constantina, Arles|Arles
295;295;birito;Heldua;;Eldua;;;Khan Khulda;12;mile;;http://pleiades.stoa.org/places/678060;Berytus/Laodikeia en te Phoinike/Col. Iulia Augusta Felix|Berytus/Laodikeia en te Phoinike/Col. Iulia Augusta Felix, Beirut
237;237;mnizos;Mnizos;Innizos;Simonizous;;;;10;mile;;http://pleiades.stoa.org/places/845020;Mnizos|Mnizos, Balçiçek Çiftliği
296;296;parphirion;Porphyrion;Parphirion;Parpinon;;Porphyreon;;13;mile;;http://pleiades.stoa.org/places/678338;Porphyreon Polis|Porphyreon Polis, Khan Nebi Yunas
238;238;prasmon;Prasmon;;Trasmon;;;;12;mile;;http://pleiades.stoa.org/places/845047;Prasmon|Prasmon, NE Ayas
110;110;celeia;Cælia;;;;Celeia;Cilly;13;mile;;http://pleiades.stoa.org/places/197206;Celeia|Celeia, Celje
239;239;malogordis;Malogardis;;;;Manegordus;;9;mile;;http://pleiades.stoa.org/places/845011;‘Manegordo’|‘Manegordo’, Avdan
297;297;sidona;Sidon;;;;;Saida;13;mile;;http://pleiades.stoa.org/places/678393;Sidon/Col. Aurelia Pia|Sidon/Col. Aurelia Pia, Saida (Sidon)
111;111;lotodos;Lotodos;;;;;;12;mile;;http://pleiades.stoa.org/places/197069;Ad Lotodos|Ad Lotodos, Stranice
298;298;sarepta;Sarepta;;;;;;9;mile;;http://pleiades.stoa.org/places/678374;Sarepta/Makra Kome|Sarepta/Makra Kome, Sarepta
240;240;cenaxem palidem;Lake Cenaxis;Cenaxempalidem;;;;;13;mile;;http://pleiades.stoa.org/places/619136;Cenaxis Palus|Cenaxis Palus, Macun Çiftlik? near Etimesgut
112;112;ragindone;Ragendo;;;;Ragando;;12;mile;;http://pleiades.stoa.org/places/197467;Ragando|Ragando, Spodnje Grušovje
34;34;arnagine;Arnago;;Arnagene;;Ernaginum;St. Gabriel;8;mile;;http://pleiades.stoa.org/places/148074;Ernaginum|Ernaginum, Saint-Gabriel
173;173;extuomne;Extuomnes;;Extuome;;;;8;mile;;http://pleiades.stoa.org/places/481835;‘Extuomne’|‘Extuomne’, Kazichene
113;113;pultouia;Pultovia;;Poltovia;;;;12;mile;;http://pleiades.stoa.org/places/197460;Pultovia|Pultovia, Stražgonjca
35;35;bellinto;Bellintum;;;;;;10;mile;;http://pleiades.stoa.org/places/148019;Bellintum|Bellintum, Graveson/Rognonas
174;174;buragara;Buracara;Buragara;;;;Bagaraca;8;mile;;http://pleiades.stoa.org/places/481775;Burgaraca|Burgaraca, Lesnovo
114;114;poetouione;Petovio;;Potovione;;;Pettau;12;mile;;http://pleiades.stoa.org/places/197446;Poetovio|Poetovio, Ptuj
36;36;auenione;Avinio;Avenione;;;Avenio;Avignon;5;mile;;http://pleiades.stoa.org/places/148004;Avennio|Avennio, Avignon|Avignon
175;175;sparata;Sparata;;;;;;8;mile;;http://pleiades.stoa.org/places/481998;Sparata|Sparata, Vakarel
37;37;cypresseta;Cepressata;Cypressata;;;;;5;mile;;http://pleiades.stoa.org/places/148065;Cypresseta|Cypresseta, Sorgues|Sorgues
176;176;hilica;Hilica;Iliga;;;;Ichtiman;10;mile;;http://pleiades.stoa.org/places/481860;Helice|Helice, Ihtiman
38;38;arausione;Aurasio;;;;;Orange;13;mile;;http://pleiades.stoa.org/places/148054;Col. Arausio|Col. Arausio, Orange|Orange
177;177;soneio;Soneium;;;;;;9;mile;;http://pleiades.stoa.org/places/481996;Soneio|Soneio/Stipon, Trayanovi vrata
115;115;ramista;Ramista;;;;;;9;mile;;http://pleiades.stoa.org/places/197468;Ramista|Ramista, Formin, Gorišnica
39;39;ad letoce;Letoce;;;;;;10;mile;;http://pleiades.stoa.org/places/167616;Barry|Ad Letoce|Ad Letoce, Gué du Lez|Bollène
243;243;curueunta;Curveunta;;;;Gorbeous;;11;mile;;http://pleiades.stoa.org/places/619167;Gorbeus|Gorbeus, Oğulbey
178;178;ponte vcasi;Pons Ucasi;;Ponte Ugas;;;;6;mile;;http://pleiades.stoa.org/places/222149;Pons Ucasi
117;117;populis;Populi;;;;;;10;mile;;http://pleiades.stoa.org/places/197454;Populi|Populi, Varaždin
244;244;rosolodiaco;Rosolodiacum;;;;Rosolatiacum, Orosologia;;;mile;;http://pleiades.stoa.org/places/619228;Orsologiakos/Rosolodiacus|Orsologiakos/Rosolodiacus, Deliler Çiftliği
301;301;alexandroschene;Alexandroschene;;;;;Khurbet Iskanderûnek;12;mile;;http://pleiades.stoa.org/places/678013;Alexandroschene|Alexandroschene, İskanderun
41;41;acuno;Acunum;;;;;Anconne;7;mile;;http://pleiades.stoa.org/places/167627;Dourion|Dourion, Géry, Montélimar|Akousion/Acunum|Akousion/Acunum, Montélimar|Montélimar
118;118;iouia;Jovia;;;;;;9;mile;;http://pleiades.stoa.org/places/197326;Iovia|Iovia, Ludbreg
245;245;aliassum;Aliassus;;Aliasum;;;;13;mile;;http://pleiades.stoa.org/places/619102;Aliassum|Aliassum, probably at Avşar
42;42;bantianis;Vancianis;;Bantianis;;;Bancs;7;mile;;http://pleiades.stoa.org/places/167668;Batiana|Batiana, Bances|Umbennum|Umbennum, Étoile-sur-Rhône|Étoile-sur-Rhône
302;302;ecdeppa;Ecdeppa;;Hecdeppa;;;;12;mile;;http://pleiades.stoa.org/places/678128;Ekdippa|Ekdippa, Achziv/ez Zib
119;119;sunista;Sunista;;;;;;9;mile;;http://pleiades.stoa.org/places/197522;Sonista|Sonista, Kunovec Breg
246;246;aspona;Aspona;Arpona;;;;;18;mile;;http://pleiades.stoa.org/places/619118;Aspona|Aspona, Sarıhüyük/Ankara
303;303;ptolomaida;Ptolomais;;;;Accho;'Akka, St. Jean d'Acre;9;mile;;http://pleiades.stoa.org/places/678010;Ake/Ptolemais|Ake/Ptolemais, Acre
181;181;basapare;Bassapara;;;Basapare;;Tatar Bazarjik;12;mile;;http://pleiades.stoa.org/places/216732;Bessapara|Bessapara, Pazardzhik
120;120;peritur;Peritur;;;;;;12;mile;;http://pleiades.stoa.org/places/197440;‘Piretis’|‘Piretis’, Draganovec
247;247;galea;Galea;;;;;;13;mile;;http://pleiades.stoa.org/places/619162;Galea|Galea, near Büyük Bıyık
121;121;lentolis;Lentolæ;;Lertoles;;Lentulæ;Berzentze;12;mile;;http://pleiades.stoa.org/places/197348;‘Lentulis’|‘Lentulis’, Stari Gradac
305;305;sicaminos;Sycaminos;;;;Sycaminon;;3;mile;;http://pleiades.stoa.org/places/678404;Sykamina|Sykamina/Hefa/Porphyreon/Calamon/Castra Samaritanorum, Tel Shiqmona, Tell es Samak
45;45;cerebelliaca;Cerebelliaca;;;;;;12;mile;;http://pleiades.stoa.org/places/167705;Cerebelliaca|Cerebelliaca, Ourches
122;122;cardono;Cardonum;;;;;;10;mile;;http://pleiades.stoa.org/places/197191;‘Cardono’/Iovia|‘Cardono’/Iovia, Gradina
183;183;filopopuli;Philippopolis;;;;;Philippopoli;12;mile;;http://pleiades.stoa.org/places/216927;Philippopolis/Trimontium|Philippopolis/Trimontium, Plovdiv
46;46;augusta;Augusta;;;;;Aoust;10;mile;;http://pleiades.stoa.org/places/167658;Augusta|Augusta, Aouste-sur-Sye|Aouste-sur-Sye
123;123;cocconis;Cocconi;;Coccones;;;;12;mile;;http://pleiades.stoa.org/places/197215;‘Cocconis’|‘Cocconis’, Sopje
184;184;sernota;Sernota;Syrnota;;;;;10;mile;;http://pleiades.stoa.org/places/216980;Sernota|Sernota, Manole
47;47;darentiaca;Darentiaca;;;;;;12;mile;;http://pleiades.stoa.org/places/167737;Darentiaca|Darentiaca, Saillans
124;124;serota;Serota;;;;;;10;mile;;http://pleiades.stoa.org/places/197508;Serota|Serota, Virovitica
249;249;parnasso;Parnassus;;;;;;13;mile;;http://pleiades.stoa.org/places/619235;Parnassos|Parnassos, Değirmenyolu
185;185;paramuole;Paramvole;;;;;;8;mile;;http://pleiades.stoa.org/places/216920;Parambole|Parambole, Belozem
125;125;bolentia;Bolentia;;;;;;10;mile;;http://pleiades.stoa.org/places/203108;Bolentia
48;48;dea vocontiorum;Dea Vocontiorum;;Deanocontinorum;;;Die;16;mile;;http://pleiades.stoa.org/places/167716;Col. Dea Vocontiorum|Col. Dea Vocontiorum/Dea Augusta, Die|Die
250;250;iogola;Iogola;;Iogula;;Ozizala;;16;mile;;http://pleiades.stoa.org/places/619232;Ozzala/Ozizala|Ozzala/Ozizala, near Üzengilik (contra RE)
186;186;cillio;Cillium;;;;;;12;mile;;http://pleiades.stoa.org/places/216767;Cillis?|Cillis?, Cherna gora
126;126;maurianis;Mauriana;;;;;;9;mile;;http://pleiades.stoa.org/places/197370;‘Marinianis’/Magniana|‘Marinianis’/Magniana, Donji Miholjac
251;251;nitalis;Nitalis;;;;;;18;mile;;http://pleiades.stoa.org/places/619220;Nitazi/Nitalis|Nitazi/Nitalis, Kabakülak
187;187;carassura;Carasurra;;;;;;9;mile;;http://pleiades.stoa.org/places/216750;Carassura|Carassura, Rupkite
49;49;luco;Lucus;;;;;Luc;12;mile;;http://pleiades.stoa.org/places/167815;Lucus Augusti|Lucus Augusti, Luc-en-Diois
252;252;argustana;Argustana;;;;;;13;mile;;http://pleiades.stoa.org/places/619115;Argustana|Argustana, Yeniyuva, formerly Nurgüz
265;265;tarso;Tarsus;;;;;;12;mile;;http://pleiades.stoa.org/places/648789;Tarsus/Antiochia ad Cydnum|Tarsus/Antiochia ad Cydnum, Gözlü Kule
300;300;tyro;Tyre;;;;;Sûr;12;mile;;http://pleiades.stoa.org/places/678437;Tyrus/Col. Septimia Severa|Tyrus/Col. Septimia Severa, Tyre (Tyrus)
4;4;vasatas;Vasates;Vasatas;;;Cossio;Bazzas;8;league;;http://pleiades.stoa.org/places/138313;Cossium|Cossium/Vasatis, Bazas|Bazas
86;86;verona;Verona;;;;;Verona;10;mile;;http://pleiades.stoa.org/places/383816;Verona|Verona, Verona|Verona
148;148;vingeio;Vingeium;;Mingeio;;Vinceia;Semendria;6;mile;;http://pleiades.stoa.org/places/207550;Vinceia|Vinceia, Smederevo
89;89;vincentia;Vincentia;;;;Vicentia;Vicenza;11;mile;;http://pleiades.stoa.org/places/393513;Vicetia|Vicetia, Vicenza|Vicenza
9;9;vanesia;Vanesia;;;;;;12;league;;http://pleiades.stoa.org/places/246727;Vanesia|Vanesia, Saint-Jean-Poutge
150;150;viminacio;Viminatium;;;;;;10;mile;;http://pleiades.stoa.org/places/207549;Viminacium|Viminacium/Viminatium, Stari Kostolac
167;167;turribus;Turres;;;;;Pirot;9;mile;;http://pleiades.stoa.org/places/207521;Turres|Turres, Pirot
43;43;vmbenno;Umbennum;;;;;;12;mile;;http://pleiades.stoa.org/places/167947;Batiana|Batiana, Bances|Umbennum|Umbennum, Étoile-sur-Rhône|Étoile-sur-Rhône
50;50;vologatis;Vologatis;;Volocates;;;Vaugelas?;9;mile;;http://pleiades.stoa.org/places/167978;Vologatae|Vologatae, Beaurières
188;188;arzo;Arzus;;;;Arsus;Chaskeui;11;mile;;http://pleiades.stoa.org/places/216714;Arzus|Arzus, Kalugerovo, Simeonovgrad
127;127;serena;Serena;;;;;;8;mile;;http://pleiades.stoa.org/places/197507;Serena?|Serena?, Viljevo, Našice
253;253;colonia;Colonia;;;;Archelais;Ak Serai?;16;mile;;http://pleiades.stoa.org/places/619164;Garsaura/Col. Claudia Archelais/Koloneia|Garsaura/Col. Claudia Archelais/Koloneia, Aksaray
189;189;palae;Palæ;;;;;;7;mile;;http://pleiades.stoa.org/places/501384;Castra Iarba|Castra Rubra/Castra Iarba, Kolarowo, Charmanli
190;190;castozobra;Castozobra;;;;Subzopara, Castra Iarba;Harmanly;11;mile;;http://pleiades.stoa.org/places/222167;Rhamis
128;128;vereis;Verei;;;;;;10;mile;;http://pleiades.stoa.org/places/197576;‘Vereis’|‘Vereis’, Podravski Podgajci
254;254;momoasson;Momoasson;;Mummoasum;;;Mammasún;12;mile;;http://pleiades.stoa.org/places/619212;Momasson|Momasson, Gökçe, formerly Mamasun
51;51;cambono;Cambonum;;;;;La Combe?;8;mile;;http://pleiades.stoa.org/places/167697;Cambonum|Cambonum, Font-Vineuse
191;191;rhamis;Rammes;Rhamis;;;;;7;mile;;http://pleiades.stoa.org/places/501381;Bourdepa|Bourdepa, Svilengrad
255;255;anathiango;Anathiango;;Anachiango;;Nazianzus;Nenizi;12;mile;;http://pleiades.stoa.org/places/619218;Nandianulus/Nazianzos|Nandianulus/Nazianzos, Nenezigözü
52;52;monte seleuci;Hill of Seleucus;;;;;Mont-Salćon;8;mile;;http://pleiades.stoa.org/places/167836;Mons Seleucus|Mons Seleucus, La Bâtie-Montsaléon
129;129;ioualia;Jovalia;;Iovenalia;;;Valpo;8;mile;;http://pleiades.stoa.org/places/197325;Iovalia|Iovalia, Valpovo
192;192;burdista;Burdista;;Busdicta;;Burdipta;Mustafa Pasha Keupri;11;mile;;http://pleiades.stoa.org/places/501526;Nike|Nike, Havsa/Edirne
256;256;chusa;Chusa;;;;;;12;mile;;http://pleiades.stoa.org/places/619139;Chusa|Chusa, probably at Yazıköy
130;130;mersella;Mersella;;;;;Petrievce;8;mile;;http://pleiades.stoa.org/places/197391;Mursella|Mursella, Petrijevci
53;53;dauiano;Davianum;;;;;Veynes;8;mile;;http://pleiades.stoa.org/places/167738;Davianum|Davianum, Veynes|Veynes
193;193;daphabae;Daphabe;;Dapabe;;;;11;mile;;http://pleiades.stoa.org/places/511428;‘Tarpodizo’|‘Tarpodizo’, Kayova
257;257;sasima;Sasima;;;;;Hassa Keui;12;mile;;http://pleiades.stoa.org/places/619256;Sasima|Sasima, Hasanköy
131;131;mursa;Mursa;;Morsa;;;Esseg;10;mile;;http://pleiades.stoa.org/places/197389;Mursa|Mursa, Osijek
194;194;nicae;Nice;;;;;;9;mile;;http://pleiades.stoa.org/places/511458;‘Urisio’|‘Urisio’, W Bergule
258;258;andauilis;Andavilis;;Andaviles;;;Andaval;16;mile;;http://pleiades.stoa.org/places/619104;Andabalis|Andabalis, Yeniköy, formerly Eski Andaval
55;55;vappinco;Vapincum;;;;;Gap;11;mile;;http://pleiades.stoa.org/places/167954;Vappincum|Vappincum, Gap|Gap
132;132;leutuoano;Leutuanum;Leutuoane;;;;;12;mile;;http://pleiades.stoa.org/places/197065;Ad Labores Pontis Ulcae/‘Leutuoano’|Ad Labores Pontis Ulcae/‘Leutuoano’, Bobota
195;195;tarpodizo;Tarpodizus;;;;Arboditio, Arbodico;Buyúk Derbend;10;mile;;http://pleiades.stoa.org/places/511185;Berg(o)ule/Arkadioupolis|Bergoule/Bergule/Arkadioupolis, Lüleburgaz
56;56;catorigas;Catoricæ;Catigoras;;;Caturigæ;Chorges;12;mile;;http://pleiades.stoa.org/places/167701;Caturigomagus|Caturigomagus, Chorges|Chorges
133;133;cibalis;Cibalæ;;Ciliciales;;;Vincovce;12;mile;;http://pleiades.stoa.org/places/197207;Cibalae|Cibalae, Vinkovci
196;196;vrisio;Urisium;;;;;;7;mile;;http://pleiades.stoa.org/places/511331;‘Narco’|‘Narco’, E Bergule
57;57;ebreduno;Ebrodunum;Hebriuno;;;;Embrun;16;mile;;http://pleiades.stoa.org/places/167750;Eburodunum|Eburodunum, Embrun|Embrun
134;134;caelena;Celena;;;;;;11;mile;;http://pleiades.stoa.org/places/197204;Causilena|Causilena, Orolik
197;197;virgoles;Virgoli;;;;Bergule;Lule Bergas;7;mile;dist?;http://pleiades.stoa.org/places/511241;Dr(o)usipara|Drousipara/Drusipara, Karıştıran
259;259;thyana;Thyana;;;;Tyana;Kiz Hissar;18;mile;;http://pleiades.stoa.org/places/648801;Tyana/Col. Aurelia Antoniniana|Tyana/Col. Aurelia Antoniniana, Kemerhisar
198;198;narco;Narium;;;;;;8;mile;;http://pleiades.stoa.org/places/511448;‘Tipaso’|‘Tipaso’, NW Çorlu
136;136;spaneta;Spaneta;;;;;;10;mile;;http://pleiades.stoa.org/places/207460;Spaneta|Spaneta, Bačinci
200;200;tipso;Tipsus;;;;;;10;mile;;http://pleiades.stoa.org/places/511456;Tzouroulon/Silta?|Tzouroulon/Silta?, Çorlu
199;199;drizupara;Drizupara;;Dritiopara;;;;9;mile;;http://pleiades.stoa.org/places/511456;Tzouroulon/Silta?|Tzouroulon/Silta?, Çorlu
58;58;ramae;Rame;;;;;Rame;17;mile;;http://pleiades.stoa.org/places/167881;Rama|Rama, La Roche-de-Rame
137;137;vedulia;Bedulia;;Vidunlia;;Vedulia;;8;mile;;http://pleiades.stoa.org/places/206995;Budalia|Budalia, Martinci
260;260;faustinopoli;Faustinopolis;;;;;Pashmakchi;12;mile;;http://pleiades.stoa.org/places/648608;Col. Faustinopolis/Halala|Col. Faustinopolis/Halala, Başmakçı
59;59;byrigante;Byrigantum;;Byrigane;;Brigantium;Briançon;17;mile;;http://pleiades.stoa.org/places/167691;Brigantio|Brigantio, Briançon|Briançon
261;261;caena;Cæna;;Cona;;;;13;mile;;http://pleiades.stoa.org/places/648592;Caena|Caena, near Ömerli
201;201;tunorullo;Tunorullum;;Tunorollo;;Izirallum;Chorlu;11;mile;;http://pleiades.stoa.org/places/511184;‘Beodizo’|‘Beodizo’, 9 miles NW Perinthus
262;262;opodando;Opodandum;;;;Podandus;Bozanti;12;mile;;http://pleiades.stoa.org/places/648742;Podandus|Podandus, Pozantı/Adana
60;60;gesdaone;Gesdaona;;;;Gesdao;Sesanne;10;mile;;http://pleiades.stoa.org/places/167778;Gaesao/Tyrium|Gaesao/Tyrium, Cesana Torinese
263;263;pilas;Pylæ;;;;Cilian Gates;Ghulek Boghaz;14;mile;;http://pleiades.stoa.org/places/648670;Kilikiai Pylai|Kilikiai Pylai, Gülek Bogazi
61;61;ad marte;Temple of Mars;;;;;;9;mile;;http://pleiades.stoa.org/places/167617;Ad Martis|Ad Martis, Oulx|Oulx
62;62;segussione;Segussio;;Segucio;;Segusio;Susa;16;mile;;http://pleiades.stoa.org/places/167919;Segusio|Segusio, Susa|Susa
204;204;baunne;Braunne;Baunne;;;;;12;mile;;http://pleiades.stoa.org/places/511414;Sely(m)bria/Eudoxiopolis|Selymbria/Selybria/Eudoxiopolis, Silivri
264;264;mansucrinae;Mansucrine;;;;Mopsucrine;;12;mile;;http://pleiades.stoa.org/places/648704;Ma(m)psoukrenai|Mampsoukrenai/Mapsoukrenai, Kırıtlar?
205;205;salambria;Salamembria;;Salambria;;;Silivri;10;mile;;http://pleiades.stoa.org/places/511201;‘Callum’|‘Callum’, E Selymbria
206;206;callum;Eallum;;;;Callum;Ialos;10;mile;;http://pleiades.stoa.org/places/511172;Athyras|Athyras, Büyükçekmece
207;207;atyra;Atyra;;Alesra;;;Buyúk Chekmejek;10;mile;;http://pleiades.stoa.org/places/511397;Rhegion|Rhegion, Küçükçekmece/İstanbul
64;64;ad fines;frontier;;;;;;12;mile;;http://pleiades.stoa.org/places/383545;Ad Fines|Ad Fines, Drubiaglio, Avigliana|Avigliana
66;66;taurinis;Taurini;;;;;Turin;8;mile;;http://pleiades.stoa.org/places/383580;Augusta Taurinorum|Augusta Taurinorum, Torino|Turin
68;68;quadratis;Quadratæ;;;;;;12;mile;;http://pleiades.stoa.org/places/383753;Quadrata|Quadrata, Quarino Bianco di Verolengo
69;69;ceste;Ceste;;;;;;11;mile;;http://pleiades.stoa.org/places/383616;Cest(a)e|Cestae/Ceste, Crescentino
70;70;rigomago;Regomagus;;;;Rigomagus;Rinco;8;mile;;http://pleiades.stoa.org/places/383759;Rigomagus|Rigomagus, Trino|Trino
72;72;ad cottias;Cottiæ;;;;;Cozzo;13;mile;;http://pleiades.stoa.org/places/383630;Cuttiae|Cuttiae, Cozzo|Cozzo
73;73;laumello;Laumellum;;;;;Lomello;12;mile;;http://pleiades.stoa.org/places/383690;Laumellum|Laumellum, Lomello|Lomello
74;74;duriis;Duni;Duriis;;;Duriæ;Dorno;9;mile;;http://pleiades.stoa.org/places/383637;Durriae|Durriae, Dorno|Dorno
75;75;ticino;Ticinum;;;;;Pavia;12;mile;;http://pleiades.stoa.org/places/383798;Ticinum|Ticinum, Pavia|Pavia
